{"stat.useItem.65":11,"stat.useItem.61":4,"stat.leaveGame":6,"stat.useItem.76":15,"stat.mineBlock.18":7,"stat.jump":378,"stat.swimOneCm":13952,"stat.fallOneCm":807,"stat.climbOneCm":2592,"achievement.exploreAllBiomes":{"value":0,"progress":["Beach","Roofed Forest","Ocean","Plains"]},"stat.useItem.44":319,"stat.useItem.330":2,"stat.craftItem.364":3,"stat.damageTaken":6660,"stat.mineBlock.3":1,"stat.useItem.46":36,"stat.useItem.49":844,"stat.flyOneCm":8487,"stat.useItem.102":23,"stat.useItem.50":52,"stat.entityKilledBy.Zombie":3,"stat.damageDealt":855,"stat.killEntity.Cow":1,"stat.mineBlock.76":1,"stat.useItem.58":4,"stat.mineBlock.46":6,"stat.walkOneCm":531844,"stat.killEntity.Creeper":2,"stat.useItem.164":30,"stat.useItem.285":2,"stat.useItem.324":4,"stat.mineBlock.100":1,"achievement.mineWood":6,"stat.mineBlock.50":3,"achievement.openInventory":37,"stat.mobKills":5,"stat.deaths":4,"stat.drop":15,"stat.useItem.95":96,"stat.useItem.96":7,"stat.playOneMinute":129098,"stat.killEntity.Zombie":1,"stat.mineBlock.31":4,"stat.diveOneCm":48548,"stat.useItem.271":2}